[
    {
      "id": 1,
      "num":"01",
      "title": "御霊神社",
      "content": "神社＋電車はここだけ捕える！",
      "img": "spot01.png"
    },
    {
      "id": 2,
      "title": "無心庵",
      "content": "お庭見ながら、あんみつを楽しみましょう",
      "img": "spot02.jpeg"
    },
    {
      "id": 3,
      "title": "茶房 雲母",
      "content": "お庭見ながら、あんみつを楽しみましょう",
      "img": "spot03.webp"
    },
    {
      "id": 4,
      "title": "旬菜旬魚 さくら",
      "content": "季節の食材を通して、自然とのつながりを感じましょう",
      "img": "spot04.jpg"
    }
  ]
  