[
    {
      "id": 1,
      "name": "長谷寺",
      "latitude": 35.314145415134334, 
      "longitude": 139.53336380424878
    },
    {
      "id": 2,
      "name": "錢洗弁財天宇賀福神社",
      "latitude": 35.326959283315006, 
      "longitude": 139.5419912201627
    },
    {
      "id": 3,
      "name": "報國寺",
      "latitude":35.32146276575586, 
      "longitude": 139.5689374894817
    },
    {
      "id": 4,
      "name": "御靈神社",
      "latitude": 35.31356868591888, 
      "longitude": 139.5337348302223
    },
    {
      "id": 5,
      "name": "無心庵",
      "latitude": 35.31608495608675, 
      "longitude": 139.54508848778653
    },
    {
      "id": 6,
      "name": "茶房 雲母",
      "latitude":35.32374766023402, 
      "longitude": 139.54649017390557
    },
    {
      "id": 7,
      "name": "旬菜旬魚 さくら",
      "latitude":35.325029563866245, 
      "longitude": 139.55856554498732
    }
  ]