[
    {"quest":"クエスト１",
    "img":"questimg1.png",
    "ttl":"ほっと一息、写経時間",
    "content":"仕事や日常のストレスを感じたら、長谷寺で心を整えてみましょう。一文字一文字を書き写すことで、普段のモヤモヤが少しずつ晴れていきます。自然に包まれた静かな空間で、自分と向き合うリフレッシュのひとときを体験してみてください。"
},
{"quest":"クエスト2",
"img":"questimg2.jpg",
"ttl":"季節の花めぐり",
"content":"長谷寺は四季折々の花々が彩る癒しのスポット。どの季節も違った美しさが楽しめます。忙しい日常を離れて、花の香りに包まれながら、心をゆったりとほぐしてみませんか？自然の息吹を感じることで、気持ちもリフレッシュされ、新しい活力が湧いてくるでしょう。"
},
{"quest":"クエスト3",
"img":"questimg3.png",
"ttl":"福銭を洗って運気を掴め",
"content":"銭洗弁財天で千円札を清めて、金運アップと共に気持ちもスッキリさせましょう。清めた「福銭」でお守りを買えば、心が軽くなって前向きな気分になれるかもしれません。ちょっとした行動が、意外な変化をもたらすことも。ぜひ試してみてください。"
},
{"quest":"クエスト4",
"img":"questimg4.png",
"ttl":"癒しの竹林カフェ",
"subttl":"心のリセット",
"content":"都会の疲れをリセットしたいなら、報国寺の竹林へ。そよ風やせせらぎに包まれて、深呼吸するだけで心がスッと軽くなります。散策の後は、抹茶と干菓子でほっと一息。自然に癒されながら、贅沢なリフレッシュタイムを楽しんでみてください。"
}
]