[
  {
    "img": "/step1_img.png",
    "Ttl": "悩みを手放す",
    "sub": "STEP1",
    "Ttl2": "長谷寺：",
    "ttl3": "写経瞑想と花を楽しもう",
    "content": "日々のストレスを、一文字ずつ書き写して手放しましょう。長谷寺の静かな空間で写経をし、その後は四季折々の花を楽しみながら心をリフレッシュ。"
  },
  {
    "img": "/step2_img.png",
    "Ttl": "未来への祈り",
    "sub": "STEP2",
    "Ttl2": "銭洗弁財天 宇賀福神社：",
    "ttl3": "銭洗いと金運祈願",
    "content": "神社の泉で千円札を清め、金運アップと心の浄化を。清めた「福銭」でお守りを購入し、前向きな気持ちを手に入れましょう。"
  },
  {
    "img": "/step3_img.png",
    "Ttl": "自分と向き合う",
    "sub": "STEP3",
    "Ttl2": "報国寺：",
    "ttl3": "竹林の静けさと抹茶体験",
    "content": "竹林の中で深呼吸し、心を落ち着けましょう。その後、抹茶と干菓子を味わい、忙しい日常から離れてリフレッシュするひとときを。"
  }
]
